,length_added_bikelanes,number_cc,overall_score,nonwhite_high,nonwhite_low,poverty_high,poverty_low,income_high,income_low,carless_high,carless_low
0,0,18,3.4818796818367885,3.3671723281804113,3.808702606603467,2.31807107331084,4.283295782988179,4.505874684237225,2.102801531520273,2.081167457479661,4.109592625671119
0,14754.699195020012,10,3.9322465748610727,3.4425632799529327,4.713774298722233,2.422468772161053,4.887062724269933,5.545133925033428,2.156589527936885,2.192198735901691,4.183764044852711
0,25955.054846887873,7,4.173594877080389,3.5026657175266203,5.415444653602898,2.4210449295082124,5.511843512658101,6.09106557316333,2.1535749709690206,2.198476171678093,4.321955445963948
0,36566.41819346353,3,4.758560791734801,3.7105873815105896,5.621897503468245,2.5960596334823927,6.066245320894473,6.587705113475856,2.2873071742523643,2.2511050735267024,5.170177850651869
0,36566.41819346353,1,4.758560791734801,3.7105873815105896,5.621897503468245,2.5960596334823927,6.066245320894473,6.587705113475856,2.2873071742523643,2.2511050735267024,5.170177850651869
