,length_added_bikelanes,number_cc,overall_score,nonwhite_high,nonwhite_low,poverty_high,poverty_low,income_high,income_low,carless_high,carless_low
0,0,18,3.4818796818367885,3.3671723281804113,3.808702606603467,2.31807107331084,4.283295782988179,4.505874684237225,2.102801531520273,2.081167457479661,4.109592625671119
0,10177.853422765853,14,4.011513988831852,3.468999889145991,4.128633725446759,2.5533766034686884,4.6202993551018,4.898951933554133,2.2723039861860386,2.1841256457992384,4.342083014145297
0,20805.044195735158,11,4.516626465363312,3.798361997284827,4.264144296779756,2.642334145828776,4.893093239943436,5.211679724131989,2.3385682408608957,2.2555730877307765,4.810693915724374
0,33049.1316687787,6,5.001728514593454,3.9292532570674084,4.594058731610309,2.70854534507729,5.35959850296431,5.71443588618106,2.3585849719724434,2.3188131491286343,4.93634343816252
0,41449.96520422301,1,5.358063968981468,3.935309744106436,4.85307982396986,2.9576160659234665,5.593875285155792,6.031042688313562,2.5296768409268413,2.476774934621181,5.118285705836904
