,length_added_bikelanes,number_cc,overall_score,nonwhite_high,nonwhite_low,poverty_high,poverty_low,income_high,income_low,carless_high,carless_low
0,0,18,3.4818796818367885,3.3671723281804113,3.808702606603467,2.31807107331084,4.283295782988179,4.505874684237225,2.102801531520273,2.081167457479661,4.109592625671119
0,13071.13130291176,11,3.894964837254658,3.5004246962780265,4.249782739065788,2.432460109626458,4.508320107017134,5.2301226459611705,2.162772272691818,2.212069643445815,4.239582616818696
0,23051.474035751737,7,4.534888118089592,3.4669277574826505,4.667482799646933,2.6136614700195224,5.026686689157615,6.016888456032656,2.295005768709551,2.262534900616732,4.272489083317503
0,36001.84399429324,4,5.145989774017924,3.8374582129720114,5.7488664819424695,2.753536534953147,5.653594833717503,7.0315832529814015,2.401808427982295,2.311886439275111,4.415095085031988
0,41985.33162196466,1,5.361768567172524,4.080607299741644,5.7488664819424695,2.7257609967514353,6.10013196521664,7.26527880112334,2.370627340814707,2.311886439275111,5.31684588470397
