,length_added_bikelanes,lambda,num_cc,overall_score,nonwhite_high,nonwhite_low,poverty_high,poverty_low,income_high,income_low,carless_high,carless_low
0,50,1000.0,85,4.058219489007088,3.7353484413348585,4.23407625022493,2.8911901827683213,4.795493642531694,5.122705487971263,2.5200340070090057,2.5493930477190747,4.4066241845506795
0,50,3250.0,85,4.113496413129723,4.007541290376538,4.012920189544471,2.8726402148388073,4.684082482057301,4.700389597300321,2.5961434307119275,2.7566130910848163,4.55519682268574
0,50,5500.0,85,4.016065265037781,4.410921961897004,3.9108753602905004,3.107922673501624,4.489087507999409,4.684461006439661,2.722271209363972,2.7895362808289494,4.54485064318935
0,50,7750.0,83,4.322507315382645,4.369864612091128,4.030462696447393,3.31024921683918,4.668445292233909,4.992501547625275,3.060124242977447,3.0614891662276666,4.786810514433289
0,50,10000.0,86,4.472070285468642,4.289167058246621,4.3862707558864535,3.2011493118052776,4.972838627971873,5.168573783350212,2.9220379206109373,3.0481636093909317,4.668152296015969
