,length_added_bikelanes,lambda,num_cc,overall_score,nonwhite_high,nonwhite_low,poverty_high,poverty_low,income_high,income_low,carless_high,carless_low
0,40,1000.0,85,3.952132431931475,3.8734316914651297,4.142068739038875,2.68408252809412,4.821648039340801,4.954546918789749,2.4207922059710363,2.2975823252383103,4.7545822072996495
0,40,3250.0,85,4.163512907036152,3.9039090196514707,4.174416400656888,2.800019334246498,4.767700750941846,5.046578306730419,2.517311948045115,2.649278047399202,4.5437784367446685
0,40,5500.0,83,4.17507745308863,4.065354815197924,4.083511682644749,3.388080397670619,4.651106433605238,4.912323154784836,2.9592897358642434,2.898480205730698,4.372473192171441
0,40,7750.0,88,4.099977965442935,4.135217809119189,3.9726347659755987,3.0172687079783085,4.524343890867637,4.824992948904061,2.789359537051776,2.856879832340906,4.555122829865058
0,40,10000.0,85,4.265748009847942,4.388353489758213,4.075183140698679,3.121087766975135,4.572623424880664,4.839902111958272,2.8132895309158803,2.8714183305742322,4.6021826882888925
