,length_added_bikelanes,number_cc,overall_score,nonwhite_high,nonwhite_low,poverty_high,poverty_low,income_high,income_low,carless_high,carless_low
0,0,18,3.4818796818367885,3.3671723281804113,3.808702606603467,2.31807107331084,4.283295782988179,4.505874684237225,2.102801531520273,2.081167457479661,4.109592625671119
0,10807.841515154281,11,3.8829445676939,3.571219656943639,4.228428705876662,2.4258489920353776,4.6515569797600005,5.201026591701882,2.1609286246286934,2.1888774495962586,4.5664477563033845
0,24535.82650810178,7,4.5075369971345065,3.895494006848755,4.508649512472131,2.6599805472204605,5.263593049250846,5.635869213106087,2.358480323889619,2.2667800886536638,5.194527460662013
0,33364.43270231155,1,4.802588075751927,3.971740563066896,5.132243728265333,2.6982841905638333,5.604352770331738,6.149106388700231,2.366706903742843,2.290117139497292,5.155235172023703
